{"stats":{"minecraft:dropped":{"minecraft:wheat_seeds":1},"minecraft:picked_up":{"minecraft:wheat_seeds":1},"minecraft:mined":{"minecraft:grass":2},"minecraft:custom":{"minecraft:jump":88,"minecraft:time_since_rest":1765,"minecraft:damage_dealt":125,"minecraft:leave_game":1,"minecraft:sprint_one_cm":7437,"minecraft:play_time":1765,"minecraft:damage_taken":28,"minecraft:time_since_death":1765,"minecraft:walk_one_cm":4107,"minecraft:total_world_time":1765,"minecraft:drop":1,"minecraft:fall_one_cm":3311,"minecraft:fly_one_cm":20319}},"DataVersion":2975}