{"stats":{"minecraft:killed_by":{"minecraft:zombie":1},"minecraft:used":{"minecraft:dirt":1},"minecraft:picked_up":{"minecraft:oak_log":2,"minecraft:wheat_seeds":2,"minecraft:dirt":1},"minecraft:mined":{"minecraft:grass":7,"minecraft:grass_block":1,"minecraft:oak_log":1},"minecraft:custom":{"minecraft:jump":190,"minecraft:time_since_rest":18803,"minecraft:damage_taken":310,"minecraft:damage_dealt":202,"minecraft:crouch_one_cm":120,"minecraft:sprint_one_cm":11781,"minecraft:play_time":28141,"minecraft:time_since_death":13420,"minecraft:walk_one_cm":11897,"minecraft:sneak_time":39,"minecraft:total_world_time":28141,"minecraft:fall_one_cm":6166,"minecraft:fly_one_cm":34438,"minecraft:leave_game":1,"minecraft:deaths":1}},"DataVersion":2975}